stake_pubkey,2026-05-19 18:56:08 UTC,2026-05-19 19:26:08 UTC,2026-05-19 19:56:08 UTC,2026-05-19 20:26:08 UTC,2026-05-19 20:56:08 UTC,2026-05-19 21:26:09 UTC,2026-05-19 21:56:09 UTC,2026-05-19 22:26:09 UTC,2026-05-19 22:56:09 UTC,2026-05-19 23:26:09 UTC,2026-05-19 23:56:09 UTC,2026-05-20 00:26:10 UTC,2026-05-20 00:56:12 UTC,2026-05-20 01:26:13 UTC,2026-05-20 01:56:14 UTC,2026-05-20 02:26:15 UTC,2026-05-20 02:56:16 UTC,2026-05-20 03:26:17 UTC,2026-05-20 03:56:18 UTC,2026-05-20 04:26:19 UTC,2026-05-20 04:56:20 UTC,2026-05-20 05:26:21 UTC,2026-05-20 05:56:23 UTC,2026-05-20 06:26:24 UTC,2026-05-20 06:56:25 UTC,2026-05-20 07:26:26 UTC,2026-05-20 07:56:27 UTC,2026-05-20 08:26:28 UTC,2026-05-20 08:56:29 UTC,2026-05-20 09:26:31 UTC,2026-05-20 09:56:32 UTC
3ECJ2F6Hv6owYp9xxE23jCxfGqg7mF3o4b1pRQTZNriA,0.0,0.0,0.0,0.0,0.0,0.0,0.0,0.0,0.0,971.5000000000002,0.0,0.0,0.0,0.0,0.0,0.0,0.0,0.0,0.0,0.0,0.0,482.0,0.0,0.0,0.0,0.0,0.0,0.0,0.0,0.0,0.0
3Qxi6QhdVxCWnXgjueQgMXuJE2QZn51LEdTPrzYKoLFa,0.0,0.0,0.0,0.0,0.0,0.0,0.0,0.0,471.18138641800033,0.0,0.0,0.0,0.0,0.0,0.0,0.0,0.0,0.0,0.0,0.0,0.0,335.5874517600023,0.0,0.0,0.0,0.0,0.0,0.0,0.0,0.0,0.0
49eiWE23kqNBMpumAZqVbeYRSkq81BLnyg13hCFTWxbh,0.0,0.0,0.0,0.0,0.0,0.0,0.0,0.0,471.94456284100306,0.0,0.0,0.0,0.0,0.0,0.0,0.0,0.0,0.0,0.0,0.0,0.0,39.20491291899816,0.0,0.0,0.0,0.0,0.0,0.0,0.0,0.0,0.0
9uCSt5wWpBqWWPRggZmS5D3tdRdcoaJuaAjv49YV6XCv,0.0,0.0,0.0,0.0,0.0,0.0,0.0,0.0,467.38372973100195,0.0,0.0,0.0,0.0,0.0,0.0,0.0,0.0,0.0,0.0,0.0,0.0,340.74776796899823,0.0,0.0,0.0,0.0,0.0,0.0,0.0,0.0,0.0
CTDRonMCd9p9BT3utEbDcTAsESAujwPf6Tjay85WxfAw,0.0,0.0,0.0,0.0,0.0,0.0,0.0,0.0,18.399041490003583,0.0,0.0,0.0,0.0,0.0,0.0,0.0,0.0,0.0,0.0,0.0,0.0,11.605505221996282,0.0,0.0,0.0,0.0,0.0,0.0,0.0,0.0,0.0
CnxvKaoEmRihHRiDw8ykQ67gkU3xcgV6YW29S477NJc6,0.0,0.0,0.0,0.0,0.0,0.0,0.0,0.0,18.811566771000116,0.0,0.0,0.0,0.0,0.0,0.0,0.0,0.0,0.0,0.0,0.0,0.0,13.398079672999756,0.0,0.0,0.0,0.0,0.0,0.0,0.0,0.0,0.0
CwPrWzFXzG6YPReTfdBstGgUj451dxxfQHnvFG3cAW6L,0.0,0.0,0.0,0.0,0.0,0.0,0.0,0.0,0.0,-16.75,0.0,0.0,0.0,1.5,0.0,0.0,0.0,0.0,0.0,0.0,0.0,-150.0,0.0,0.0,0.0,0.0,0.0,0.0,0.0,0.0,0.0
FLXJWz66VAFmPu5nUGW7U3QbrrBibLymxJMypc6iV2Tn,0.0,0.0,0.0,0.0,0.0,0.0,0.0,0.0,0.0,0.0,0.0,0.0,0.0,0.0,0.0,0.0,0.0,0.0,0.0,0.0,0.0,0.0,0.0,0.0,0.0,0.0,0.0,371.975737016,457.836276189,0.0,0.0
FZrAJUZTqgfqG4FvUovsfmpZdAAuXRR25aPx5wyJMpjA,0.0,0.0,0.0,0.0,0.0,474.25,0.0,0.0,0.0,,,,,,,,,,,,,,,,,,,,,,
HFwvn3BxCHg2gEx2UujRbGGTVu3JnTn96sYjoN3n8i1A,0.0,0.0,0.0,0.0,0.0,0.0,0.0,0.0,4.474952521999967,0.0,0.0,0.0,0.0,0.0,0.0,0.0,0.0,0.0,0.0,0.0,0.0,0.37173883799999885,0.0,0.0,0.0,0.0,0.0,0.0,0.0,0.0,0.0
B6hYoExN4hBmiVhqGKojdc6RRk56R5CKx5nT9cGfdkL,0.0,0.0,0.0,0.0,0.0,0.0,0.0,0.0,0.0,0.0,0.0,0.0,0.0,0.0,0.0,0.0,0.0,0.0,0.0,0.0,0.0,0.0,0.0,0.0,0.0,0.0,0.0,0.0,0.0,0.0,0.0
LfYAGMU2xpww4MgaseeKYiGTVnyPa2RVjLUpEcALni7,0.0,0.0,0.0,0.0,0.0,0.0,0.0,0.0,0.0,0.0,0.0,0.0,0.0,0.0,0.0,0.0,0.0,0.0,0.0,0.0,0.0,0.0,0.0,0.0,0.0,0.0,0.0,0.0,0.0,0.0,0.0
c8pPWuZzRQGrTXtodQaaB2Uu1Bat2vzWbcLVrN34BiD,0.0,0.0,0.0,0.0,0.0,0.0,0.0,0.0,0.0,0.0,0.0,0.0,0.0,0.0,0.0,0.0,0.0,0.0,0.0,0.0,0.0,0.0,0.0,0.0,0.0,0.0,0.0,0.0,0.0,0.0,0.0
sArwFxYDzVvMpVMg4U62eBbtHqHdCiGdQUe7Yd4G4GQ,0.0,0.0,0.0,0.0,0.0,0.0,0.0,0.0,0.0,0.0,0.0,0.0,0.0,0.0,0.0,0.0,0.0,0.0,0.0,0.0,0.0,0.0,0.0,0.0,0.0,0.0,0.0,0.0,0.0,0.0,0.0
sVF6Zf7ky5nuNVUX2wLWAto7Ugt2BYQEYz2ZN9RhfAi,0.0,0.0,0.0,0.0,0.0,0.0,0.0,0.0,0.0,0.0,0.0,0.0,0.0,0.0,0.0,0.0,0.0,0.0,0.0,0.0,0.0,0.0,0.0,0.0,0.0,0.0,0.0,0.0,0.0,0.0,0.0
uFja8kSXRjiS6UwxraTcX6jKDuFoS8eMWNnSZ7AD2Fs,0.0,0.0,0.0,0.0,0.0,0.0,0.0,0.0,0.0,0.0,0.0,0.0,0.0,0.0,0.0,0.0,0.0,0.0,0.0,0.0,0.0,0.0,0.0,0.0,0.0,0.0,0.0,0.0,0.0,0.0,0.0
yq9onPQXUaqfxW6a2sKyDx1cXNHkNF4LLVVdj3RdTiC,0.0,0.0,0.0,0.0,0.0,0.0,0.0,0.0,0.0,0.0,0.0,0.0,0.0,0.0,0.0,0.0,0.0,0.0,0.0,0.0,0.0,0.0,0.0,0.0,0.0,0.0,0.0,0.0,0.0,0.0,0.0
2AZ9FPQHjBGAmd6UC4WAJaGgwx4MTctiRDFbr6WxNCrG,0.0,0.0,0.0,0.0,0.0,0.0,0.0,0.0,0.0,0.0,0.0,0.0,0.0,0.0,0.0,0.0,0.0,0.0,0.0,0.0,0.0,0.0,0.0,0.0,0.0,0.0,0.0,0.0,0.0,0.0,0.0
2aKxpnA2kB635M4ws5onCd87Nd5f61u8JiCrCKw45J6a,0.0,0.0,0.0,0.0,0.0,0.0,0.0,0.0,0.0,0.0,0.0,0.0,0.0,0.0,0.0,0.0,0.0,0.0,0.0,0.0,0.0,0.0,0.0,0.0,0.0,0.0,0.0,0.0,0.0,0.0,0.0
39XFzj8AqGh3Nrv2LM6SAn5UWFDKDdENqmJc6qkWj9xY,0.0,0.0,0.0,0.0,0.0,0.0,0.0,0.0,0.0,0.0,0.0,0.0,0.0,0.0,0.0,0.0,0.0,0.0,0.0,0.0,0.0,0.0,0.0,0.0,0.0,0.0,0.0,0.0,0.0,0.0,0.0
3FZ4CjxuqEggrgxfveMquVjbwh7JtQo9nBsaMaXQcaEk,0.0,0.0,0.0,0.0,0.0,0.0,0.0,0.0,0.0,0.0,0.0,0.0,0.0,0.0,0.0,0.0,0.0,0.0,0.0,0.0,0.0,0.0,0.0,0.0,0.0,0.0,0.0,0.0,0.0,0.0,0.0
3JVQCLN2cwLP8uN8gVrj5SbuUwB7wHkioBgAq451SjtX,0.0,0.0,0.0,0.0,0.0,0.0,0.0,0.0,0.0,0.0,0.0,0.0,0.0,0.0,0.0,0.0,0.0,0.0,0.0,0.0,0.0,0.0,0.0,0.0,0.0,0.0,0.0,0.0,0.0,0.0,0.0
3Q8mG35s9VttaPkzTv3e9nEEX6XEcqWcfswLoL8NBysE,0.0,0.0,0.0,0.0,0.0,0.0,0.0,0.0,0.0,0.0,0.0,0.0,0.0,0.0,0.0,0.0,0.0,0.0,0.0,0.0,0.0,0.0,0.0,0.0,0.0,0.0,0.0,0.0,0.0,0.0,0.0
3UTsGofom444M5ucK4xetGkNs4b3HG4Wanw4Enaf4cq6,0.0,0.0,0.0,0.0,0.0,0.0,0.0,0.0,0.0,0.0,0.0,0.0,0.0,0.0,0.0,0.0,0.0,0.0,0.0,0.0,0.0,0.0,0.0,0.0,0.0,0.0,0.0,0.0,0.0,0.0,0.0
3kmk9hMtakYHvHN2HaNYxb6GWiGRh1avAEbB82hsHG8Z,0.0,0.0,0.0,0.0,0.0,0.0,0.0,0.0,0.0,0.0,0.0,0.0,0.0,0.0,0.0,0.0,0.0,0.0,0.0,0.0,0.0,0.0,0.0,0.0,0.0,0.0,0.0,0.0,0.0,0.0,0.0
3ni5R6GyM1eBkDsuMdiJeZfyEvxgJSe6hWgG47XuRJcG,0.0,0.0,0.0,0.0,0.0,0.0,0.0,0.0,0.0,0.0,0.0,0.0,0.0,0.0,0.0,0.0,0.0,0.0,0.0,0.0,0.0,0.0,0.0,0.0,0.0,0.0,0.0,0.0,0.0,0.0,0.0
3tqMFf8ANFzpBWHGRiPSSREetfrEWYLz9fSZhgTvPpZG,0.0,0.0,0.0,0.0,0.0,0.0,0.0,0.0,0.0,0.0,0.0,0.0,0.0,0.0,0.0,0.0,0.0,0.0,0.0,0.0,0.0,0.0,0.0,0.0,0.0,0.0,0.0,0.0,0.0,0.0,0.0
4KzYZjtoJ6xjdjeZQiZhNjpTp4ka2bTR6u47JRHNP654,0.0,0.0,0.0,0.0,0.0,0.0,0.0,0.0,0.0,0.0,0.0,0.0,0.0,0.0,0.0,0.0,0.0,0.0,0.0,0.0,0.0,0.0,0.0,0.0,0.0,0.0,0.0,0.0,0.0,0.0,0.0
4SkgC25x6kcdSJPpsP3vBqcEQr3Q4qYBMrWo5xYZP43D,0.0,0.0,0.0,0.0,0.0,0.0,0.0,0.0,0.0,0.0,0.0,0.0,0.0,0.0,0.0,0.0,0.0,0.0,0.0,0.0,0.0,0.0,0.0,0.0,0.0,0.0,0.0,0.0,0.0,0.0,0.0
4eYWPPfBrM3Lm6nX3CU7Us2d7nH3wvD6XoRK5StSAdXG,0.0,0.0,0.0,0.0,0.0,0.0,0.0,0.0,0.0,0.0,0.0,0.0,0.0,0.0,0.0,0.0,0.0,0.0,0.0,0.0,0.0,0.0,0.0,0.0,0.0,0.0,0.0,0.0,0.0,0.0,0.0
4mG6PFNsGjAmwqRVgemChFPNSsKuecS9z6ryZpjgHLx5,0.0,0.0,0.0,0.0,0.0,0.0,0.0,0.0,0.0,0.0,0.0,0.0,0.0,0.0,0.0,0.0,0.0,0.0,0.0,0.0,0.0,0.0,0.0,0.0,0.0,0.0,0.0,0.0,0.0,0.0,0.0
4oUQnqJk1NcesycqDE8LmEZ9DQs7KzRCjHpqZ9tAvACM,0.0,0.0,0.0,0.0,0.0,0.0,0.0,0.0,0.0,0.0,0.0,0.0,0.0,0.0,0.0,0.0,0.0,0.0,0.0,0.0,0.0,0.0,0.0,0.0,0.0,0.0,0.0,0.0,0.0,0.0,0.0
5MVgcGnXeWEhXLG7W4ejYb9QLRaNRbeurbpckWnUGJEU,0.0,0.0,0.0,0.0,0.0,0.0,0.0,0.0,0.0,0.0,0.0,0.0,0.0,0.0,0.0,0.0,0.0,0.0,0.0,0.0,0.0,0.0,0.0,0.0,0.0,0.0,0.0,0.0,0.0,0.0,0.0
5RMEJ77FsK9hwTT5S8erKM6bZF8uG8H4ZRkUTk65Kejp,0.0,0.0,0.0,0.0,0.0,0.0,0.0,0.0,0.0,0.0,0.0,0.0,0.0,0.0,0.0,0.0,0.0,0.0,0.0,0.0,0.0,0.0,0.0,0.0,0.0,0.0,0.0,0.0,0.0,0.0,0.0
5Vrm443qzRkR3ziFdKcG92XFmY1dzdPhXoceq6UMxTaZ,0.0,0.0,0.0,0.0,0.0,0.0,0.0,0.0,0.0,0.0,0.0,0.0,0.0,0.0,0.0,0.0,0.0,0.0,0.0,0.0,0.0,0.0,0.0,0.0,0.0,0.0,0.0,,,,
5WjwXhSfFbjaWcQioetQquj9mbt3taycSmZ2dPMpZTFK,0.0,0.0,0.0,0.0,0.0,0.0,0.0,0.0,0.0,0.0,0.0,0.0,0.0,0.0,0.0,0.0,0.0,0.0,0.0,0.0,0.0,0.0,0.0,0.0,0.0,0.0,0.0,0.0,0.0,0.0,0.0
5YsznTEnDebubqVKZgZX84W4Y6db6PmUi3aLHc48uG7e,0.0,0.0,0.0,0.0,0.0,0.0,0.0,0.0,0.0,0.0,0.0,0.0,0.0,0.0,0.0,0.0,0.0,0.0,0.0,0.0,0.0,0.0,0.0,0.0,0.0,0.0,0.0,0.0,0.0,0.0,0.0
5csBSMnRKDQzTLErWGNwtoqu6sesUEULVQ8jxuzpNHC6,0.0,0.0,0.0,0.0,0.0,0.0,0.0,0.0,0.0,0.0,0.0,0.0,0.0,0.0,0.0,0.0,0.0,0.0,0.0,0.0,0.0,0.0,0.0,0.0,0.0,0.0,0.0,0.0,0.0,0.0,0.0
5n4JR9Uazhe6LNdBTaQxgxEZ2azGtmSP4ZhFHUeNHcHL,0.0,0.0,0.0,0.0,0.0,0.0,0.0,0.0,0.0,0.0,0.0,0.0,0.0,0.0,0.0,0.0,0.0,0.0,0.0,0.0,0.0,0.0,0.0,0.0,0.0,0.0,0.0,0.0,0.0,0.0,0.0
66Dv35ZiYaTgDMaVEPPJB9n1F55piycCMtkEgHhrKjRa,0.0,0.0,0.0,0.0,0.0,0.0,0.0,0.0,0.0,0.0,0.0,0.0,0.0,0.0,0.0,0.0,0.0,0.0,0.0,0.0,0.0,0.0,0.0,0.0,0.0,0.0,0.0,0.0,0.0,0.0,0.0
6FuqFQwXYE3MG1hm3TFMhu5nhV7CHsNuqGaCsKyrKEtG,0.0,0.0,0.0,0.0,0.0,0.0,0.0,0.0,0.0,0.0,0.0,0.0,0.0,0.0,0.0,0.0,0.0,0.0,0.0,0.0,0.0,0.0,0.0,0.0,0.0,0.0,0.0,0.0,0.0,0.0,0.0
6YXfrZiZ5v8Xn3nijSTm3g2EwMngVxMvLaaQW9jWap7m,0.0,0.0,0.0,0.0,0.0,0.0,0.0,0.0,0.0,0.0,0.0,0.0,0.0,0.0,0.0,0.0,0.0,0.0,0.0,0.0,0.0,0.0,0.0,0.0,0.0,0.0,0.0,0.0,0.0,0.0,0.0
6ykVEPcVunAtjXoihhH25XhkmcpitvM1LzEqHvNiSWyD,0.0,0.0,0.0,0.0,0.0,0.0,0.0,0.0,0.0,0.0,0.0,0.0,0.0,0.0,0.0,0.0,0.0,0.0,0.0,0.0,0.0,0.0,0.0,0.0,0.0,0.0,0.0,0.0,0.0,0.0,0.0
7TPSpq7LxrfZxvDRNoigMxyRRHT5kka1pHQ591DXkBXC,0.0,0.0,0.0,0.0,0.0,0.0,0.0,0.0,0.0,0.0,0.0,0.0,0.0,0.0,0.0,0.0,0.0,0.0,0.0,0.0,0.0,0.0,0.0,0.0,0.0,0.0,0.0,0.0,0.0,0.0,0.0
7Ujy9sykbrzf8uMm69nN6gNHPNujotV1EqnE7mV81Zno,0.0,0.0,0.0,0.0,0.0,0.0,0.0,0.0,0.0,0.0,0.0,0.0,0.0,0.0,0.0,0.0,0.0,0.0,0.0,0.0,0.0,0.0,0.0,0.0,0.0,0.0,0.0,0.0,0.0,0.0,0.0
7c7BiqVE1NKrb2CSqSkocXkq84A7fNZvCeMkyctRVgXi,0.0,0.0,0.0,0.0,0.0,0.0,0.0,0.0,0.0,0.0,0.0,0.0,0.0,0.0,0.0,0.0,0.0,0.0,0.0,0.0,0.0,0.0,0.0,0.0,0.0,0.0,0.0,0.0,0.0,0.0,0.0
7hAQTbQ2DF51L1V3DdsMxRZuyp5Gpae1eNYAeDtMh6LB,0.0,0.0,0.0,0.0,0.0,0.0,0.0,0.0,0.0,0.0,0.0,0.0,0.0,0.0,0.0,0.0,0.0,0.0,0.0,0.0,0.0,0.0,0.0,0.0,0.0,0.0,0.0,0.0,0.0,0.0,0.0
7kvEJuqxCMAV6duSvFCkbq2YXfqfocChwBsBPfVgt3M4,0.0,0.0,0.0,0.0,0.0,0.0,0.0,0.0,0.0,0.0,0.0,0.0,0.0,0.0,0.0,0.0,0.0,0.0,0.0,0.0,0.0,0.0,0.0,0.0,0.0,0.0,0.0,0.0,0.0,0.0,0.0
8tNaXGNA6nfY2nHPMjhaMFzxGi3v3ayx2bqMnUiuod1k,0.0,0.0,0.0,0.0,0.0,0.0,0.0,0.0,0.0,0.0,0.0,0.0,0.0,0.0,0.0,0.0,0.0,0.0,0.0,0.0,0.0,0.0,0.0,0.0,0.0,0.0,0.0,0.0,0.0,0.0,0.0
96gtz5HdiqqY46WzndUzsMqRo9GWX24RoGxAXwaF7Uqh,0.0,0.0,0.0,0.0,0.0,0.0,0.0,0.0,0.0,0.0,0.0,0.0,0.0,0.0,0.0,0.0,0.0,0.0,0.0,0.0,0.0,0.0,0.0,0.0,0.0,0.0,0.0,0.0,0.0,0.0,0.0
9AARrRoyz1ak4S5FqBsLkr6w6rbay3xArZGuzCva2sWz,0.0,0.0,0.0,0.0,0.0,0.0,0.0,0.0,0.0,0.0,0.0,0.0,0.0,0.0,0.0,0.0,0.0,0.0,0.0,0.0,0.0,0.0,0.0,0.0,0.0,0.0,0.0,0.0,0.0,0.0,0.0
9NSBhAvrskht4A2vvYh7yMGYDyhHYK8ZwgxjCtiKet4a,0.0,0.0,0.0,0.0,0.0,0.0,0.0,0.0,0.0,0.0,0.0,0.0,0.0,0.0,0.0,0.0,0.0,0.0,0.0,0.0,0.0,0.0,0.0,0.0,0.0,0.0,0.0,0.0,0.0,0.0,0.0
9YHYFefJNuAHgAq5ofo9gMvCiRKAuZuc1UoiZUwtGZhA,0.0,0.0,0.0,0.0,0.0,0.0,0.0,0.0,0.0,0.0,0.0,0.0,0.0,0.0,0.0,0.0,0.0,0.0,0.0,0.0,0.0,0.0,0.0,0.0,0.0,0.0,0.0,0.0,0.0,0.0,0.0
9emhmcG9NPrug5C2CswJAP6jsg2C31pHp1yRpr7CX2sh,0.0,0.0,0.0,0.0,0.0,0.0,0.0,0.0,0.0,0.0,0.0,0.0,0.0,0.0,0.0,0.0,0.0,0.0,0.0,0.0,0.0,0.0,0.0,0.0,0.0,0.0,0.0,0.0,0.0,0.0,0.0
9nv9HpFjig9Tmo5LPDvFwJETecEFCntBHmRD98TV2kAf,0.0,0.0,0.0,0.0,0.0,0.0,0.0,0.0,0.0,0.0,0.0,0.0,0.0,0.0,0.0,0.0,0.0,0.0,0.0,0.0,0.0,0.0,0.0,0.0,0.0,0.0,0.0,0.0,0.0,0.0,0.0
9u7FwzPtCrWmhoNwD4qGHzyKkG9HJbPFaWFpdFmg6qqq,0.0,0.0,0.0,0.0,0.0,0.0,0.0,0.0,0.0,0.0,0.0,0.0,0.0,0.0,0.0,0.0,0.0,0.0,0.0,0.0,0.0,0.0,0.0,0.0,0.0,0.0,0.0,0.0,0.0,0.0,0.0
9vzbnq67tFp4Qntd8UrSPZDFSss414uUQVMxNxcTBNVB,0.0,0.0,0.0,0.0,0.0,0.0,0.0,0.0,0.0,0.0,0.0,0.0,0.0,0.0,0.0,0.0,0.0,0.0,0.0,0.0,0.0,0.0,0.0,0.0,0.0,0.0,0.0,0.0,0.0,0.0,0.0
9y55uwsPkoiG4UKHiL27brcs2WyfuuVz51jfX7P55L63,0.0,0.0,0.0,0.0,0.0,0.0,0.0,0.0,0.0,0.0,0.0,0.0,0.0,0.0,0.0,0.0,0.0,0.0,0.0,0.0,0.0,0.0,0.0,0.0,0.0,0.0,0.0,0.0,0.0,0.0,0.0
AU5EhFARSHzru1PpdpxspjSMNtEWmAXqnPTcznr5uQNy,0.0,0.0,0.0,0.0,0.0,0.0,0.0,0.0,0.0,0.0,0.0,0.0,0.0,0.0,0.0,0.0,0.0,0.0,0.0,0.0,0.0,0.0,0.0,0.0,0.0,0.0,0.0,0.0,0.0,0.0,0.0
AeU1mxryTUKRK7Ky9obPidmKtcKn6ThMz4wPWSoNGT5N,0.0,0.0,0.0,0.0,0.0,0.0,0.0,0.0,0.0,0.0,0.0,0.0,0.0,0.0,0.0,0.0,0.0,0.0,0.0,0.0,0.0,0.0,0.0,0.0,0.0,0.0,0.0,0.0,0.0,0.0,0.0
Ak6PAPTdY6EkAEBrxFcBznvBG8Lhi9uzijrEKBekxACZ,0.0,0.0,0.0,0.0,0.0,0.0,0.0,0.0,0.0,0.0,0.0,0.0,0.0,0.0,0.0,0.0,0.0,0.0,0.0,0.0,0.0,0.0,0.0,0.0,0.0,0.0,0.0,0.0,0.0,0.0,0.0
ApWEkJtcyN5Ahao4HrKQ3MjscoqeAVwkVv57r7z95GHt,0.0,0.0,0.0,0.0,0.0,0.0,0.0,0.0,0.0,0.0,0.0,0.0,0.0,0.0,0.0,0.0,0.0,0.0,0.0,0.0,0.0,0.0,0.0,0.0,0.0,0.0,0.0,0.0,0.0,0.0,0.0
ArTJx7P5nae43iiTy97ZyYcjomDQWmg5cXyiJnowToSh,0.0,0.0,0.0,0.0,0.0,0.0,0.0,0.0,0.0,0.0,0.0,0.0,0.0,0.0,0.0,0.0,0.0,0.0,0.0,0.0,0.0,0.0,0.0,0.0,0.0,0.0,0.0,0.0,0.0,0.0,0.0
BRmDmyeKBx36QH2xQBf9SqnV5auusXrZo55tMerTFGh6,0.0,0.0,0.0,0.0,0.0,0.0,0.0,0.0,0.0,0.0,0.0,0.0,0.0,0.0,0.0,0.0,0.0,0.0,0.0,0.0,0.0,0.0,0.0,0.0,0.0,0.0,0.0,0.0,0.0,0.0,0.0
BmjTsmmMwP4LCxEk92WEno9q1Ypu5GA3AvWSGpH22o32,0.0,0.0,0.0,0.0,0.0,0.0,0.0,0.0,0.0,0.0,0.0,0.0,0.0,0.0,0.0,0.0,0.0,0.0,0.0,0.0,0.0,0.0,0.0,0.0,0.0,0.0,0.0,0.0,0.0,0.0,0.0
BpaPQkSxXgzhWfpDfLhknWJrKDkCJw3erjoPqmcUUHwg,0.0,0.0,0.0,0.0,0.0,0.0,0.0,0.0,0.0,0.0,0.0,0.0,0.0,0.0,0.0,0.0,0.0,0.0,0.0,0.0,0.0,0.0,0.0,0.0,0.0,0.0,0.0,0.0,0.0,0.0,0.0
BrkMPx4K4CiBtF4EZPAzpJzB8iPa7TJy78YppUH857id,0.0,0.0,0.0,0.0,0.0,0.0,0.0,0.0,0.0,0.0,0.0,0.0,0.0,0.0,0.0,0.0,0.0,0.0,0.0,0.0,0.0,0.0,0.0,0.0,0.0,0.0,0.0,0.0,0.0,0.0,0.0
BsVpLq2Yd5MZ98Q8jbX7eEkGafCL6auYy4cq5fAwWZvg,0.0,0.0,0.0,0.0,0.0,0.0,0.0,0.0,0.0,0.0,0.0,0.0,0.0,0.0,0.0,0.0,0.0,0.0,0.0,0.0,0.0,0.0,0.0,0.0,0.0,0.0,0.0,0.0,0.0,0.0,0.0
Bu66u3UU3ZcxbqEkp1uEx3VfwkT1v3m375S4xE35hf4k,0.0,0.0,0.0,0.0,0.0,0.0,0.0,0.0,0.0,0.0,0.0,0.0,0.0,0.0,0.0,0.0,0.0,0.0,0.0,0.0,0.0,0.0,0.0,0.0,0.0,0.0,0.0,0.0,0.0,0.0,0.0
C5gKp9uzaVUQepARftEPG8SZAihh6eDD2C1kyKG5hCfJ,0.0,0.0,0.0,0.0,0.0,0.0,0.0,0.0,0.0,0.0,0.0,0.0,0.0,0.0,0.0,0.0,0.0,0.0,0.0,0.0,0.0,0.0,0.0,0.0,0.0,0.0,0.0,0.0,0.0,0.0,0.0
C8maDLq5TmiuZkkYMtdR9jQXKR7KVE5so49tcBBmRt8m,0.0,0.0,0.0,0.0,0.0,0.0,0.0,0.0,0.0,0.0,0.0,0.0,0.0,0.0,0.0,0.0,0.0,0.0,0.0,0.0,0.0,0.0,0.0,0.0,0.0,0.0,0.0,0.0,0.0,0.0,0.0
Ckt2chs2opAuYDcVSEnZWd6MD6i2AeTL2aBAWhMntn4W,0.0,0.0,0.0,0.0,0.0,0.0,0.0,0.0,0.0,0.0,0.0,0.0,0.0,0.0,0.0,0.0,0.0,0.0,0.0,0.0,0.0,0.0,0.0,0.0,0.0,0.0,0.0,0.0,0.0,0.0,0.0
CpcU1zGoZsNvzu4tvwLCMPQBeV7kKeSYDQTGUxZbTyKi,0.0,0.0,0.0,0.0,0.0,0.0,0.0,0.0,0.0,0.0,0.0,0.0,0.0,0.0,0.0,0.0,0.0,0.0,0.0,0.0,0.0,0.0,0.0,0.0,0.0,0.0,0.0,0.0,0.0,0.0,0.0
DcHcfaDwWc8ZHUXWBDByfP6U4JxF35iRABiZbTLMFyBZ,0.0,0.0,0.0,0.0,0.0,0.0,0.0,0.0,0.0,0.0,0.0,0.0,0.0,0.0,0.0,0.0,0.0,0.0,0.0,0.0,0.0,0.0,0.0,0.0,0.0,0.0,0.0,0.0,0.0,0.0,0.0
Dejx1PSkyvvdpoXq4bwfH2FAdKdg4UcRzGfmvAmZwQBr,0.0,0.0,0.0,0.0,0.0,0.0,0.0,0.0,0.0,0.0,0.0,0.0,0.0,0.0,0.0,0.0,0.0,0.0,0.0,0.0,0.0,0.0,0.0,0.0,0.0,0.0,0.0,0.0,0.0,0.0,0.0
E52XTUqscjLUBsJt6ZJJXu11uv2z7eunP5TLKu48QoYv,0.0,0.0,0.0,0.0,0.0,0.0,0.0,0.0,0.0,0.0,0.0,0.0,0.0,0.0,0.0,0.0,0.0,0.0,0.0,0.0,0.0,0.0,0.0,0.0,0.0,0.0,0.0,0.0,0.0,0.0,0.0
EBRTgwkix919whpL7Hems1wR2ifpmGefbp6a66SGJ4tE,0.0,0.0,0.0,0.0,0.0,0.0,0.0,0.0,0.0,0.0,0.0,0.0,0.0,0.0,0.0,0.0,0.0,0.0,0.0,0.0,0.0,0.0,0.0,0.0,0.0,0.0,0.0,0.0,0.0,0.0,0.0
EFNV924RRfuM4iHGPibndvz92oNoAmLK3NkRFLAdDdTH,0.0,0.0,0.0,0.0,0.0,0.0,0.0,0.0,0.0,0.0,0.0,0.0,0.0,0.0,0.0,0.0,0.0,0.0,0.0,0.0,0.0,0.0,0.0,0.0,0.0,0.0,0.0,0.0,0.0,0.0,0.0
EQfshenPKLoiZkRvYa94qQRAfRf2S6Tm5qNjYgWXcfGF,0.0,0.0,0.0,0.0,0.0,0.0,0.0,0.0,0.0,0.0,0.0,0.0,0.0,0.0,0.0,0.0,0.0,0.0,0.0,0.0,0.0,0.0,0.0,0.0,0.0,0.0,0.0,0.0,0.0,0.0,0.0
Ek35LxbiUoZTqLtsUyLvawvqnzZqBMSJS3CbVRy4yqYA,0.0,0.0,0.0,0.0,0.0,0.0,0.0,0.0,0.0,0.0,0.0,0.0,0.0,0.0,0.0,0.0,0.0,0.0,0.0,0.0,0.0,0.0,0.0,0.0,0.0,0.0,0.0,0.0,0.0,0.0,0.0
Ep46SZiPrEAsQiRVtKdx7ciyduP5iG7YozVgvuAY5LaX,0.0,0.0,0.0,0.0,0.0,0.0,0.0,0.0,0.0,0.0,0.0,0.0,0.0,0.0,0.0,0.0,0.0,0.0,0.0,0.0,0.0,0.0,0.0,0.0,0.0,0.0,0.0,0.0,0.0,0.0,0.0
Epmw1p1i1cssQbtxWwnsnhHpSakBFx9h9X1tqc1R6Bg7,0.0,0.0,0.0,0.0,0.0,0.0,0.0,0.0,0.0,0.0,0.0,0.0,0.0,0.0,0.0,0.0,0.0,0.0,0.0,0.0,0.0,0.0,0.0,0.0,0.0,0.0,0.0,0.0,0.0,0.0,0.0
EvNz6evsVdDV9bsFQUUKUxgXHVckmdv8qL9bgDJTfiRe,0.0,0.0,0.0,0.0,0.0,0.0,0.0,0.0,0.0,0.0,0.0,0.0,0.0,0.0,0.0,0.0,0.0,0.0,0.0,0.0,0.0,0.0,0.0,0.0,0.0,0.0,0.0,0.0,0.0,0.0,0.0
F1P6veGo5uigSLbrSCgL1pbLSV32s5YWYo5ZPXkBTeeT,0.0,0.0,0.0,0.0,0.0,0.0,0.0,0.0,0.0,0.0,0.0,0.0,0.0,0.0,0.0,0.0,0.0,0.0,0.0,0.0,0.0,0.0,0.0,0.0,0.0,0.0,0.0,0.0,0.0,0.0,0.0
F2DTx517u9w3Y8CdYcybJhE3C4X7sMY1NgBj7MpnVpCg,0.0,0.0,0.0,0.0,0.0,0.0,0.0,0.0,0.0,0.0,0.0,0.0,0.0,0.0,0.0,0.0,0.0,0.0,0.0,0.0,0.0,0.0,0.0,0.0,0.0,0.0,0.0,0.0,0.0,0.0,0.0
FHM2eqRQJ6jXqDDut55yp233DcWG6ZREP11imJbWynog,0.0,0.0,0.0,0.0,0.0,0.0,0.0,0.0,0.0,0.0,0.0,0.0,0.0,0.0,0.0,0.0,0.0,0.0,0.0,0.0,0.0,0.0,0.0,0.0,0.0,0.0,0.0,0.0,0.0,0.0,0.0
FQPahWwnCXt3AoCMvhVmdWYDU5w9NpofE3ioScdVybtm,0.0,0.0,0.0,0.0,0.0,0.0,0.0,0.0,0.0,0.0,0.0,0.0,0.0,0.0,0.0,0.0,0.0,0.0,0.0,0.0,0.0,0.0,0.0,0.0,0.0,0.0,0.0,0.0,0.0,0.0,0.0
FWBziszyRJKAsxokLmVgVSkayctNRo6da1KXy3cCdXoL,0.0,0.0,0.0,0.0,0.0,0.0,0.0,0.0,0.0,0.0,0.0,0.0,0.0,0.0,0.0,0.0,0.0,0.0,0.0,0.0,0.0,0.0,0.0,0.0,0.0,0.0,0.0,0.0,0.0,0.0,0.0
FZuuR9yKQGGEeAsptGzsiM9QBBADxjX6EK4V8TQCmaWH,0.0,0.0,0.0,0.0,0.0,0.0,0.0,0.0,0.0,0.0,0.0,0.0,0.0,0.0,0.0,0.0,0.0,0.0,0.0,0.0,0.0,0.0,0.0,0.0,0.0,0.0,0.0,0.0,0.0,0.0,0.0
FiGZqYRN8KT6BWNioFsDcNnZk4uv9ucyLcBCDFJQP89V,0.0,0.0,0.0,0.0,0.0,0.0,0.0,0.0,0.0,0.0,0.0,0.0,0.0,0.0,0.0,0.0,0.0,0.0,0.0,0.0,0.0,0.0,0.0,0.0,0.0,0.0,0.0,0.0,0.0,0.0,0.0
FtyWJCJ3CMwAZSbGSWGiKqQFfq7pt3Ct1Mm63N1UrYX2,0.0,0.0,0.0,0.0,0.0,0.0,0.0,0.0,0.0,0.0,0.0,0.0,0.0,0.0,0.0,0.0,0.0,0.0,0.0,0.0,0.0,0.0,0.0,0.0,0.0,0.0,0.0,0.0,0.0,0.0,0.0
G8qrpFHtnYWRpX7BhJfD5pj2mnVsQJ9KKkEdsnGJeL19,0.0,0.0,0.0,0.0,0.0,0.0,0.0,0.0,0.0,0.0,0.0,0.0,0.0,0.0,0.0,0.0,0.0,0.0,0.0,0.0,0.0,0.0,0.0,0.0,0.0,0.0,0.0,0.0,0.0,0.0,0.0
GJ65nBeKkNiV3yYxTV9X4uWRS1Ne3rvaWBxD8PgfzsEp,0.0,0.0,0.0,0.0,0.0,0.0,0.0,0.0,0.0,0.0,0.0,0.0,0.0,0.0,0.0,0.0,0.0,0.0,0.0,0.0,0.0,0.0,0.0,0.0,0.0,0.0,0.0,0.0,0.0,0.0,0.0
GKcXFPXXceEgPospGD4ccm2h1WWnmsFAZpWkRwZdgPh5,0.0,0.0,0.0,0.0,0.0,0.0,0.0,0.0,0.0,0.0,0.0,0.0,0.0,0.0,0.0,0.0,0.0,0.0,0.0,0.0,0.0,0.0,0.0,0.0,0.0,0.0,0.0,0.0,0.0,0.0,0.0
GPMPX5XNTe9nNDuJZf8P1bCNciGviEnbdHWJngDt1fhn,0.0,0.0,0.0,0.0,0.0,0.0,0.0,0.0,0.0,0.0,0.0,0.0,0.0,0.0,0.0,0.0,0.0,0.0,0.0,0.0,0.0,0.0,0.0,0.0,0.0,0.0,0.0,0.0,0.0,0.0,0.0
GRubKhRo2sksg2PbgMu5VuXGioq1eC89FZDw9GBtQyZu,0.0,0.0,0.0,0.0,0.0,0.0,0.0,0.0,0.0,0.0,0.0,0.0,0.0,0.0,0.0,0.0,0.0,0.0,0.0,0.0,0.0,0.0,0.0,0.0,0.0,0.0,0.0,0.0,0.0,0.0,0.0
GYVVKVPkw1CVmgkvHejMo38mG44chNv8iVm7Wa7TVbff,0.0,0.0,0.0,0.0,0.0,0.0,0.0,0.0,0.0,0.0,0.0,0.0,0.0,0.0,0.0,0.0,0.0,0.0,0.0,0.0,0.0,0.0,0.0,0.0,0.0,0.0,0.0,0.0,0.0,0.0,0.0
GaSXeyhjgGQP44og9oYhe8Ytk2rgiVLrWeXtbUtoMaxg,0.0,0.0,0.0,0.0,0.0,0.0,0.0,0.0,0.0,0.0,0.0,0.0,0.0,0.0,0.0,0.0,0.0,0.0,0.0,0.0,0.0,0.0,0.0,0.0,0.0,0.0,0.0,0.0,0.0,0.0,0.0
GjHoV1ymgvvTX2ZZokjPzXABQU1WsfbCDapZK48K26YR,0.0,0.0,0.0,0.0,0.0,0.0,0.0,0.0,0.0,0.0,0.0,0.0,0.0,0.0,0.0,0.0,0.0,0.0,0.0,0.0,0.0,0.0,0.0,0.0,0.0,0.0,0.0,0.0,0.0,0.0,0.0
GjPJUmM4KVn7LESi5348b347VUDXsigyvhrhJK2Tnra9,0.0,0.0,0.0,0.0,0.0,0.0,0.0,0.0,0.0,0.0,0.0,0.0,0.0,0.0,0.0,0.0,0.0,0.0,0.0,0.0,0.0,0.0,0.0,0.0,0.0,0.0,0.0,0.0,0.0,0.0,0.0
GkUA1fq4afSLZMMX1moin89rNhrhFgHo8mZA96EqYcnw,0.0,0.0,0.0,0.0,0.0,0.0,0.0,0.0,0.0,0.0,0.0,0.0,0.0,0.0,0.0,0.0,0.0,0.0,0.0,0.0,0.0,0.0,0.0,0.0,0.0,0.0,0.0,0.0,0.0,0.0,0.0
GtL7fWTHFpesSqZWdQbBx5PZBuTrM5UnCkF9vZ8yoSki,0.0,0.0,0.0,0.0,0.0,0.0,0.0,0.0,0.0,0.0,0.0,0.0,0.0,0.0,0.0,0.0,0.0,0.0,0.0,0.0,0.0,0.0,0.0,0.0,0.0,0.0,0.0,0.0,0.0,0.0,0.0
H4RvWt3PUfqgagBbbhBhFdGKYzGbReaJsVjDEJYYyHGr,0.0,0.0,0.0,0.0,0.0,0.0,0.0,0.0,0.0,0.0,0.0,0.0,0.0,0.0,0.0,0.0,0.0,0.0,0.0,0.0,0.0,0.0,0.0,0.0,0.0,0.0,0.0,0.0,0.0,0.0,0.0
HFTzfq2QnwUfUtqTTpRCdawoHMuuaey77Wv8A2VDd4bk,0.0,0.0,0.0,0.0,0.0,0.0,0.0,0.0,0.0,0.0,0.0,0.0,0.0,0.0,0.0,0.0,0.0,0.0,0.0,0.0,0.0,0.0,0.0,0.0,0.0,0.0,0.0,0.0,0.0,0.0,0.0
HRMbxdiB6vqCdi1dM67bfjMUQTHQAZJmcNzD6nBv9dGz,0.0,0.0,0.0,0.0,0.0,0.0,0.0,0.0,0.0,0.0,0.0,0.0,0.0,0.0,0.0,0.0,0.0,0.0,0.0,0.0,0.0,0.0,0.0,0.0,0.0,0.0,0.0,0.0,0.0,0.0,0.0
Hd6BYcHVgZ92aq5ch8EVq3Co2oYqm3YD5rZLmpUS7WVu,0.0,0.0,0.0,0.0,0.0,0.0,0.0,0.0,0.0,0.0,0.0,0.0,0.0,0.0,0.0,0.0,0.0,0.0,0.0,0.0,0.0,0.0,0.0,0.0,0.0,0.0,0.0,0.0,0.0,0.0,0.0
HtwjUJhzpmvPL6zqZjr5Z474h9CRiAopme2funtQucmE,0.0,0.0,0.0,0.0,0.0,0.0,0.0,0.0,0.0,0.0,0.0,0.0,0.0,0.0,0.0,0.0,0.0,0.0,0.0,0.0,0.0,0.0,0.0,0.0,0.0,0.0,0.0,0.0,0.0,0.0,0.0
HwvVbUmNEeFay26tbJfzh15C2Z6dGCwcFC2pf1XskTbU,0.0,0.0,0.0,0.0,0.0,0.0,0.0,0.0,0.0,0.0,0.0,0.0,0.0,0.0,0.0,0.0,0.0,0.0,0.0,0.0,0.0,0.0,0.0,0.0,0.0,0.0,0.0,0.0,0.0,0.0,0.0
J1PpjBERdG9fjNrSeyJKQeLmfXfwpVxfrdxxmmR4BZs9,0.0,0.0,0.0,0.0,0.0,0.0,0.0,0.0,0.0,0.0,0.0,0.0,0.0,0.0,0.0,0.0,0.0,0.0,0.0,0.0,0.0,0.0,0.0,0.0,0.0,0.0,0.0,0.0,0.0,0.0,0.0
J4qyA6aYUKtoSKyQcUVhUoS3xsctgVA4DgTrcKNARL9u,0.0,0.0,0.0,0.0,0.0,0.0,0.0,0.0,0.0,0.0,0.0,0.0,0.0,0.0,0.0,0.0,0.0,0.0,0.0,0.0,0.0,0.0,0.0,0.0,0.0,0.0,0.0,0.0,0.0,0.0,0.0
5sHhCyUgo5bX363WbVM7TeY7SGJKiC4DiD8FPbiUtgep,,0.0,0.0,0.0,0.0,0.0,0.0,0.0,0.0,0.0,0.0,0.0,0.0,0.0,0.0,0.0,0.0,0.0,0.0,0.0,0.0,0.0,0.0,0.0,0.0,0.0,0.0,0.0,,,
9vFMZAzyFswGQ69cfhi9g4HDgUDtU6H2pGBH27aQmjvm,,0.0,0.0,0.0,0.0,0.0,0.0,0.0,0.0,0.0,0.0,0.0,0.0,0.0,0.0,0.0,0.0,0.0,0.0,0.0,0.0,0.0,0.0,0.0,0.0,0.0,0.0,0.0,0.0,0.0,0.0
38H3WuB48EHnoiw4Nu9nW7C1aktm3FptNh6sRs84eBkP,,,0.0,0.0,0.0,0.0,0.0,0.0,0.0,0.0,0.0,0.0,0.0,0.0,0.0,0.0,0.0,0.0,0.0,0.0,0.0,0.0,0.0,0.0,0.0,0.0,0.0,0.0,0.0,0.0,0.0
GrB4RXdcLQ6voBVQhb5hkauR1Qu5RozXysgFZ4KjBjrB,,,0.0,0.0,0.0,0.0,0.0,0.0,0.0,0.0,0.0,0.0,0.0,0.0,0.0,0.0,0.0,0.0,0.0,0.0,0.0,0.0,0.0,0.0,0.0,0.0,0.0,0.0,0.0,0.0,0.0
2X1nk15wr5E7PPjNPaSrz1u7Fu9xzHyBsXePd9HokMpp,,,,0.0,0.0,0.0,0.0,0.0,0.0,0.0,0.0,0.0,0.0,0.0,0.0,0.0,0.0,0.0,0.0,0.0,0.0,0.0,0.0,0.0,0.0,0.0,0.0,0.0,0.0,0.0,0.0
CffJDFg1ENsLQKThsBEVtXLzvLQQEnnrVcFUiKy4Gei8,,,,,0.0,0.0,0.0,0.0,0.0,0.0,0.0,0.0,0.0,0.0,0.0,0.0,0.0,0.0,0.0,0.0,0.0,0.0,0.0,0.0,0.0,0.0,0.0,0.0,0.0,0.0,0.0
2wPdM2TjH7vak8E5du5VzUtxSvu4u3N4bdr9p6re3Crk,,,,,,,,,,,0.0,0.0,0.0,0.0,0.0,0.0,0.0,0.0,0.0,0.0,0.0,0.0,0.0,0.0,0.0,0.0,0.0,0.0,0.0,0.0,0.0
A9KBJL7UjsvT43gnoJitsAo8a5EXxArxBWmaFKyhgrgE,,,,,,,,,,,,0.0,0.0,0.0,0.0,0.0,0.0,0.0,0.0,0.0,0.0,0.0,0.0,0.0,0.0,0.0,0.0,0.0,0.0,0.0,0.0
Ea7uK2Gg67JNbi3NZgd9rm85rkNZxMYHJX8MKbVzrKdC,,,,,,,,,,,,0.0,0.0,0.0,0.0,0.0,0.0,0.0,0.0,0.0,0.0,0.0,0.0,0.0,0.0,0.0,0.0,0.0,0.0,0.0,0.0
sDvmx5BV87oD3mrnJEwCwY9oqNGNtDmk9Fjp8rC8iYc,,,,,,,,,,,,,,,,,,0.0,0.0,0.0,0.0,0.0,0.0,0.0,0.0,0.0,0.0,0.0,0.0,0.0,0.0
9RVoctFtSa9CGvtyJgz9LQLQhgzUAApDNpM9c8mm4cS2,,,,,,,,,,,,,,,,,,,,,0.0,0.0,0.0,0.0,0.0,0.0,0.0,0.0,0.0,0.0,0.0
ACbNYKiGZnj3rrJ333dibCohcDVxMYFUnRuhuFVjsxy3,,,,,,,,,,,,,,,,,,,,,0.0,0.0,0.0,0.0,0.0,0.0,0.0,0.0,0.0,0.0,0.0
G9AxWHaSvjEXjXcAkAHVmg51PLbGaYsofVPN9nEGXDXu,,,,,,,,,,,,,,,,,,,,,0.0,0.0,0.0,0.0,0.0,0.0,0.0,0.0,0.0,0.0,0.0
9PsqcuawEctyEUzCLAGZLrP8eH2o2M7xjHyEYwVQU5Mq,,,,,,,,,,,,,,,,,,,,,,,0.0,0.0,0.0,0.0,0.0,0.0,0.0,0.0,0.0
AFKhUDCPNJkQWfEavxSpnack2rU6diJEVnZsdX9W45eA,,,,,,,,,,,,,,,,,,,,,,,0.0,0.0,0.0,0.0,0.0,0.0,0.0,0.0,0.0
9K4jBgCv6ATCL25bZ8p445ncKPW8nHdFKmFwY7kiJGAZ,,,,,,,,,,,,,,,,,,,,,,,,0.0,0.0,0.0,0.0,0.0,0.0,0.0,0.0
9ciwQhPtcyFPbxQVHD9LgbYhTdwnidvSsvrqZdfPyGVo,,,,,,,,,,,,,,,,,,,,,,,,,,,0.0,0.0,0.0,0.0,0.0
9bh58xG7D7799nChDeSVJfJqRfFRnAxMocRmywkSRonW,,,,,,,,,,,,,,,,,,,,,,,,,,,,,0.0,0.0,0.0
G4yq4NhZ7u6gTApZpGGA5Fxu1K2nAeR3ge1cr5Swavk7,,,,,,,,,,,,,,,,,,,,,,,,,,,,,0.0,0.0,0.0
37vm4S3EsJjhzuXiLCzzHv6ygMPS9Dkg3D91iTUUiqs9,,,,,,,,,,,,,,,,,,,,,,,,,,,,,,0.0,0.0
95LzvzcCd7HyG4kpYXiMnjuL7SGmcBDiJTYbVfCu2ocC,,,,,,,,,,,,,,,,,,,,,,,,,,,,,,0.0,0.0
ArCA7wEngRm9AFx3ux9cMfuLsvoNwabQBtf8B3U7ZtyX,,,,,,,,,,,,,,,,,,,,,,,,,,,,,,0.0,0.0
G1FdEJVdb5aPHnoM5eukYTeM69ET7Xggqmmo4gxkP62w,,,,,,,,,,,,,,,,,,,,,,,,,,,,,,0.0,0.0
H7wNpb7gqdHazidzeLGcYZQPghEXBJnmgfjDk5L525QF,,,,,,,,,,,,,,,,,,,,,,,,,,,,,,,
